{"is_source_file": true, "format": "Python", "description": "This file sets up a FastAPI application with CORS middleware and a simple health check endpoint.", "external_files": ["fastapi", "fastapi.middleware.cors"], "external_methods": ["FastAPI()", "CORSMiddleware"], "published": ["app"], "classes": [], "methods": [{"name": "health_check()", "description": "A simple GET endpoint that returns a health status message.", "scope": "", "scopeKind": ""}], "calls": ["FastAPI()", "CORSMiddleware", "app.add_middleware", "app.get"], "search-terms": ["FastAPI", "CORS", "health_check", "main.py"], "state": 2, "file_id": 3, "knowledge_revision": 8, "git_revision": "8cc23276fd11ce7ef497292b7f0f8fffe1a44855", "ctags": [{"_type": "tag", "name": "app", "path": "/home/kavia/workspace/code-generation/simple-to-do-list-199302-199311/todo_backend/src/api/main.py", "pattern": "/^app = FastAPI()$/", "language": "Python", "kind": "variable"}, {"_type": "tag", "name": "health_check", "path": "/home/kavia/workspace/code-generation/simple-to-do-list-199302-199311/todo_backend/src/api/main.py", "pattern": "/^def health_check():$/", "language": "Python", "kind": "function", "signature": "()"}], "hash": "58352bf5f133908bab16643199aa483d", "format-version": 4, "code-base-name": "todo_backend", "filename": "todo_backend/src/api/main.py", "fields": [{"name": "app = FastAPI()", "scope": "", "scopeKind": "", "description": "unavailable"}], "revision_history": [{"8": "8cc23276fd11ce7ef497292b7f0f8fffe1a44855"}]}